{
  "name": "barobord",
  "vendorId": "0xFEFE",
  "productId": "0x5850",
  "matrix": {"rows": 4, "cols": 11},
  "lighting": "qmk_rgblight",
  "layouts": {
    "labels": [
      ["Layout"]
    ],
    "keymap": [
      [
        {
          "y": 5.5,
          "x": 5.5
        },
        "2,10\nenc1",
        {
          "x": 0.25
        },
        "3,10\nenc2"
      ],
      [
        {
          "r": 25,
          "rx": 1,
          "y": -0.09999999999999998,
          "x": 3
        },
        "0,2"
      ],
      [
        {
          "y": -0.65,
          "x": 2
        },
        "0,1",
        {
          "x": 1
        },
        "0,3"
      ],
      [
        {
          "y": -0.85,
          "x": 5
        },
        "0,4"
      ],
      [
        {
          "y": -0.4999999999999999,
          "x": 3,
          "c": "#5dd971"
        },
        "1,2\nAlt"
      ],
      [
        {
          "y": -0.8999999999999999,
          "x": 1,
          "c": "#cccccc"
        },
        "0,0"
      ],
      [
        {
          "y": -0.75,
          "x": 2,
          "c": "#5dd971"
        },
        "1,1\nWin",
        {
          "x": 1
        },
        "1,3\nShift"
      ],
      [
        {
          "y": -0.8500000000000001,
          "x": 5,
          "c": "#cccccc"
        },
        "1,4"
      ],
      [
        {
          "y": -0.5,
          "x": 3
        },
        "2,2"
      ],
      [
        {
          "y": -0.8999999999999999,
          "x": 1,
          "c": "#5dd971"
        },
        "1,0\nCtrl"
      ],
      [
        {
          "y": -0.75,
          "x": 2,
          "c": "#cccccc"
        },
        "2,1",
        {
          "x": 1
        },
        "2,3"
      ],
      [
        {
          "y": -0.8500000000000001,
          "x": 5
        },
        "2,4"
      ],
      [
        {
          "y": -0.5,
          "x": 3
        },
        "3,1"
      ],
      [
        {
          "y": -0.8999999999999999,
          "x": 1
        },
        "2,0"
      ],
      [
        {
          "y": -0.75,
          "x": 2
        },
        "3,0"
      ],
      [
        {
          "x": 4,
          "c": "#9fa9ed"
        },
        "3,2"
      ],
      [
        {
          "r": 35,
          "y": -2,
          "x": 5.9,
          "c": "#cccccc"
        },
        "3,3"
      ],
      [
        {
          "r": 45,
          "y": -2.25,
          "x": 7.6
        },
        "3,4"
      ],
      [
        {
          "r": -45,
          "rx": 10.65,
          "ry": 4.5,
          "y": -0.09999999999999964,
          "x": -4.25
        },
        "3,5"
      ],
      [
        {
          "r": -35,
          "y": -0.4500000000000002,
          "x": -3
        },
        "3,6"
      ],
      [
        {
          "r": -25,
          "y": -0.7000000000000002,
          "x": -1.6500000000000004,
          "c": "#ffabab"
        },
        "3,7"
      ],
      [
        {
          "rx": 11.1,
          "ry": 4.3,
          "y": -3.535,
          "x": -1.0999999999999996,
          "c": "#cccccc"
        },
        "0,7"
      ],
      [
        {
          "y": -0.6499999999999999,
          "x": -2.0999999999999996
        },
        "0,6",
        {
          "x": 1
        },
        "0,8"
      ],
      [
        {
          "y": -0.8499999999999999,
          "x": -3.0999999999999996
        },
        "0,5"
      ],
      [
        {
          "y": -0.5,
          "x": -1.0999999999999996,
          "c": "#5dd971"
        },
        "1,7\nAlt"
      ],
      [
        {
          "y": -0.8999999999999997,
          "x": 0.9000000000000004,
          "c": "#cccccc"
        },
        "0,9"
      ],
      [
        {
          "y": -0.7500000000000004,
          "x": -2.0999999999999996,
          "c": "#5dd971"
        },
        "1,6\nShift",
        {
          "x": 1
        },
        "1,8\nWin"
      ],
      [
        {
          "y": -0.8499999999999996,
          "x": -3.0999999999999996,
          "c": "#cccccc"
        },
        "1,5"
      ],
      [
        {
          "y": -0.5000000000000004,
          "x": -1.0999999999999996
        },
        "2,7"
      ],
      [
        {
          "y": -0.8999999999999995,
          "x": 0.9000000000000004,
          "c": "#5dd971"
        },
        "1,9\nCtrl"
      ],
      [
        {
          "y": -0.7500000000000004,
          "x": -2.0999999999999996,
          "c": "#cccccc"
        },
        "2,6",
        {
          "x": 1
        },
        "2,8"
      ],
      [
        {
          "y": -0.8500000000000001,
          "x": -3.0999999999999996
        },
        "2,5"
      ],
      [
        {
          "y": -0.5000000000000004,
          "x": -1.0999999999999996
        },
        "3,8"
      ],
      [
        {
          "y": -0.9000000000000004,
          "x": 0.9000000000000004
        },
        "2,9"
      ],
      [
        {
          "y": -0.75,
          "x": -0.09999999999999964
        },
        "3,9"
      ]
    ]
  }
}